Date,Open
2024-01-25,2949.2
2024-01-24,2999.45
2024-01-23,3054.7
2024-01-20,3138.8
2024-01-19,3165.85
2024-01-18,3163.85
2024-01-17,3242.3
2024-01-16,3296.9
2024-01-15,3273.9
2024-01-12,3277.8
2024-01-11,3288.2
2024-01-10,3286.85
2024-01-09,3267.5
2024-01-08,3298.4
2024-01-05,3355.55
2024-01-04,3379.95
2024-01-03,3373.6
2024-01-02,3391.35
2024-01-01,3396.1
2023-12-29,3402.4
2023-12-28,3397.25
2023-12-27,3404.45
2023-12-26,3383.35
2023-12-22,3341.3
2023-12-21,3302.95
2023-12-20,3297.15
2023-12-19,3336.05
2023-12-18,3332.05
2023-12-15,3313.9
2023-12-14,3241.35
2023-12-13,3243.65
2023-12-12,3224.75
2023-12-11,3233.0
2023-12-08,3232.0
2023-12-07,3251.8
2023-12-06,3252.55
2023-12-05,3226.25
2023-12-04,3194.55
2023-12-01,3173.4
2023-11-30,3119.9
2023-11-29,3148.35
2023-11-28,3148.35
2023-11-24,3136.15
2023-11-23,3122.95
2023-11-22,3133.0
2023-11-21,3133.25
2023-11-20,3140.35
2023-11-17,3168.9
2023-11-16,3130.3
2023-11-15,3116.2
2023-11-13,3085.6
2023-11-12,3098.15
2023-11-10,3076.45
2023-11-09,3080.2
2023-11-08,3095.25
2023-11-07,3033.35
2023-11-06,3029.3
2023-11-03,2977.85
2023-11-02,2955.4
2023-11-01,2934.55
2023-10-31,2995.7
2023-10-30,2967.1
2023-10-27,2955.15
2023-10-26,2960.3
2023-10-25,3060.8
2023-10-23,3072.0
2023-10-20,3105.85
2023-10-19,3101.8
2023-10-18,3096.45
2023-10-17,3113.55
2023-10-16,3112.05
2023-10-13,3148.8
2023-10-12,3159.1
2023-10-11,3163.9
2023-10-10,3151.5
2023-10-09,3152.8
2023-10-06,3195.75
2023-10-05,3206.25
2023-10-04,3169.9
2023-10-03,3166.85
2023-09-29,3161.05
2023-09-28,3170.35
2023-09-27,3301.8
2023-09-26,3292.8
2023-09-25,3323.25
2023-09-22,3274.85
2023-09-21,3244.2
2023-09-20,3214.35
2023-09-18,3206.3
2023-09-15,3196.65
2023-09-14,3240.25
2023-09-13,3277.75
2023-09-12,3256.85
2023-09-11,3259.4
2023-09-08,3238.05
2023-09-07,3246.35
2023-09-06,3225.3
2023-09-05,3223.3
2023-09-04,3235.55
2023-09-01,3259.55
2023-08-31,3256.1
2023-08-30,3294.7
2023-08-29,3285.7
2023-08-28,3259.7
2023-08-25,3259.3
2023-08-24,3225.6
2023-08-23,3168.8
2023-08-22,3179.7
2023-08-21,3182.3
2023-08-18,3163.55
2023-08-17,3183.25
2023-08-16,3194.05
2023-08-14,3202.6
2023-08-11,3185.35
2023-08-10,3237.9
2023-08-09,3331.0
2023-08-08,3348.05
2023-08-07,3343.0
2023-08-04,3339.65
2023-08-03,3336.35
2023-08-02,3362.9
2023-08-01,3342.95
2023-07-31,3377.35
2023-07-28,3390.7
2023-07-27,3369.4
2023-07-26,3373.0
2023-07-25,3400.4
2023-07-24,3543.7
2023-07-21,3517.7
2023-07-20,3526.0
2023-07-19,3514.65
2023-07-18,3513.45
2023-07-17,3460.4
2023-07-14,3429.75
2023-07-13,3398.55
2023-07-12,3406.75
2023-07-11,3392.55
2023-07-10,3343.15
2023-07-07,3343.7
2023-07-06,3399.4
2023-07-05,3374.4
2023-07-04,3347.7
2023-07-03,3358.7
2023-06-30,3362.05
2023-06-28,3348.25
2023-06-27,3326.0
2023-06-26,3308.15
2023-06-23,3297.7
2023-06-22,3248.05
2023-06-21,3316.1
2023-06-20,3318.7
2023-06-19,3309.7
2023-06-16,3316.85
2023-06-15,3294.35
2023-06-14,3270.2
2023-06-13,3262.85
2023-06-12,3194.75
2023-06-09,3180.55
2023-06-08,3212.25
2023-06-07,3224.8
2023-06-06,3212.75
2023-06-05,3199.75
2023-06-02,3237.25
2023-06-01,3240.7
2023-05-31,3192.95
2023-05-30,3144.4
2023-05-29,3137.4
2023-05-26,3128.4
2023-05-25,3123.55
2023-05-24,3101.5
2023-05-23,3120.6
2023-05-22,3084.9
2023-05-19,3084.45
2023-05-18,3109.05
2023-05-17,3092.45
2023-05-16,3138.1
2023-05-15,3132.0
2023-05-12,3131.1
2023-05-11,3139.75
2023-05-10,3041.4
2023-05-09,3034.8
2023-05-08,3019.45
2023-05-05,3012.95
2023-05-04,2982.85
2023-05-03,2929.7
2023-05-02,2899.55
2023-04-28,2902.35
2023-04-27,2899.95
2023-04-26,2910.0
2023-04-25,2898.0
2023-04-24,2891.1
2023-04-21,2882.1
2023-04-20,2843.85
2023-04-19,2809.7
2023-04-18,2854.6
2023-04-17,2843.1
2023-04-13,2809.75
2023-04-12,2786.75
2023-04-11,2753.8
2023-04-10,2776.35
2023-04-06,2809.85
2023-04-05,2808.5
2023-04-03,2777.0
2023-03-31,2761.65
2023-03-29,2770.5
2023-03-28,2784.45
2023-03-27,2803.75
2023-03-24,2798.5
2023-03-23,2797.8
2023-03-22,2839.85
2023-03-21,2839.1
2023-03-20,2855.15
2023-03-17,2862.65
2023-03-16,2893.25
2023-03-15,2827.4
2023-03-14,2745.6
2023-03-13,2784.2
2023-03-10,2830.2
2023-03-09,2853.55
2023-03-08,2859.55
2023-03-06,2864.55
2023-03-03,2828.85
2023-03-02,2833.9
2023-03-01,2840.9
2023-02-28,2828.8
2023-02-27,2749.9
2023-02-24,2738.5
2023-02-23,2705.95
2023-02-22,2795.95
2023-02-21,2817.1
2023-02-20,2825.55
2023-02-17,2833.6
2023-02-16,2805.95
2023-02-15,2786.15
2023-02-14,2777.0
2023-02-13,2790.75
2023-02-10,2804.6
2023-02-09,2814.6
2023-02-08,2765.6
2023-02-07,2758.05
2023-02-06,2754.2
2023-02-03,2760.4
2023-02-02,2705.65
2023-02-01,2743.75
2023-01-31,2725.85
2023-01-30,2766.2
2023-01-27,2722.65
2023-01-25,2775.0
2023-01-24,2810.6
2023-01-23,2784.45
2023-01-20,2787.8
2023-01-19,2866.15
2023-01-18,2945.25
2023-01-17,2940.9
2023-01-16,2916.05
2023-01-13,2909.15
2023-01-12,2915.95
2023-01-11,2940.4
2023-01-10,2960.35
2023-01-09,2984.15
2023-01-06,2978.4
2023-01-05,3004.35
2023-01-04,3016.85
2023-01-03,3028.25
2023-01-02,3047.25
2022-12-30,3087.9
2022-12-29,3115.15
2022-12-28,3123.7
2022-12-27,3112.6
2022-12-26,3056.05
2022-12-23,3057.9
2022-12-22,3088.55
2022-12-21,3069.65
2022-12-20,3082.15
2022-12-19,3080.95
2022-12-16,3055.9
2022-12-15,3130.6
2022-12-14,3145.95
2022-12-13,3178.5
2022-12-12,3166.35
2022-12-09,3226.95
2022-12-08,3221.45
2022-12-07,3226.5
2022-12-06,3161.7
2022-12-05,3156.9
2022-12-02,3143.45
2022-12-01,3179.35
2022-11-30,3175.15
2022-11-29,3135.05
2022-11-28,3151.2
2022-11-25,3108.15
2022-11-24,3115.3
2022-11-23,3100.8
2022-11-22,3103.85
2022-11-21,3095.3
2022-11-18,3095.5
2022-11-17,3071.6
2022-11-16,3083.05
2022-11-15,3079.3
2022-11-14,3053.2
2022-11-11,3055.4
2022-11-10,3045.15
2022-11-09,3086.5
2022-11-07,3103.55
2022-11-04,3181.35
2022-11-03,3141.3
2022-11-02,3131.9
2022-11-01,3159.4
2022-10-31,3107.7
2022-10-28,3053.4
2022-10-27,3043.45
2022-10-25,3084.9
2022-10-24,3121.65
2022-10-21,3092.4
2022-10-20,3140.9
2022-10-19,3212.75
2022-10-18,3225.85
2022-10-17,3197.6
2022-10-14,3185.5
2022-10-13,3209.0
2022-10-12,3248.2
2022-10-11,3298.7
2022-10-10,3277.95
2022-10-07,3343.7
2022-10-06,3328.95
2022-10-04,3337.75
2022-10-03,3302.9
2022-09-30,3342.45
2022-09-29,3384.8
2022-09-28,3570.65
2022-09-27,3470.65
2022-09-26,3438.05
2022-09-23,3395.25
2022-09-22,3436.0
2022-09-21,3356.05
2022-09-20,3393.2
2022-09-19,3316.25
2022-09-16,3322.55
2022-09-15,3395.4
2022-09-14,3438.95
2022-09-13,3422.2
2022-09-12,3432.2
2022-09-09,3441.85
2022-09-08,3450.15
2022-09-07,3400.35
2022-09-06,3395.25
2022-09-05,3424.8
2022-09-02,3431.05
2022-09-01,3446.55
2022-08-30,3391.6
2022-08-29,3343.25
2022-08-26,3323.55
2022-08-25,3362.5
2022-08-24,3378.85
2022-08-23,3356.6
2022-08-22,3349.75
2022-08-19,3482.55
2022-08-18,3535.35
2022-08-17,3523.7
2022-08-16,3501.0
2022-08-12,3427.85
2022-08-11,3405.2
2022-08-10,3411.65
2022-08-08,3458.45
2022-08-05,3473.9
2022-08-04,3460.5
2022-08-03,3439.65
2022-08-02,3396.15
2022-08-01,3324.55
2022-07-29,3333.75
2022-07-28,3272.4
2022-07-27,3186.05
2022-07-26,3108.5
2022-07-25,3104.95
2022-07-22,3067.4
2022-07-21,3066.1
2022-07-20,3006.45
2022-07-19,3019.1
2022-07-18,3017.85
2022-07-15,2978.15
2022-07-14,2939.15
2022-07-13,2941.2
2022-07-12,2893.2
2022-07-11,2933.05
2022-07-08,2879.8
2022-07-07,2891.4
2022-07-06,2861.4
2022-07-05,2766.6
2022-07-04,2790.3
2022-07-01,2773.15
2022-06-30,2695.2
2022-06-29,2697.8
2022-06-28,2726.5
2022-06-27,2820.95
2022-06-24,2760.9
2022-06-23,2758.2
2022-06-22,2666.35
2022-06-21,2678.35
2022-06-20,2660.7
2022-06-17,2580.2
2022-06-16,2657.45
2022-06-15,2661.15
2022-06-14,2635.4
2022-06-13,2660.75
2022-06-10,2708.75
2022-06-09,2686.8
2022-06-08,2705.2
2022-06-07,2744.7
2022-06-06,2817.45
2022-06-03,2886.9
2022-06-02,2908.55
2022-06-01,2852.5
2022-05-31,2859.65
2022-05-30,2844.0
2022-05-27,2834.85
2022-05-26,2840.15
2022-05-25,2838.05
2022-05-24,3086.85
2022-05-23,3174.2
2022-05-20,3109.95
2022-05-19,3046.9
2022-05-18,3100.1
2022-05-17,3050.0
2022-05-16,2999.9
2022-05-13,3064.0
2022-05-12,3039.95
2022-05-11,3053.65
2022-05-10,3086.35
2022-05-09,3005.25
2022-05-06,3016.25
2022-05-05,3076.55
2022-05-04,3100.85
2022-05-02,3200.0
2022-04-29,3237.2
2022-04-28,3247.7
2022-04-27,3148.35
2022-04-26,3125.65
2022-04-25,3130.6
2022-04-22,3164.4
2022-04-21,3158.25
2022-04-20,3083.0
2022-04-19,2991.2
2022-04-18,3021.55
2022-04-13,3080.65
2022-04-12,3128.65
2022-04-11,3157.45
2022-04-08,3206.25
2022-04-07,3155.0
2022-04-06,3154.0
2022-04-05,3140.8
2022-04-04,3118.0
2022-04-01,3114.15
2022-03-31,3079.95
2022-03-30,3081.55
2022-03-29,3042.6
2022-03-28,3027.45
2022-03-25,3046.95
2022-03-24,3025.35
2022-03-23,3016.8
2022-03-22,3051.15
2022-03-21,3045.75
2022-03-17,3136.6
2022-03-16,3042.0
2022-03-15,2987.15
2022-03-14,2962.8
2022-03-11,2932.0
2022-03-10,2912.8
2022-03-09,2874.95
2022-03-08,2723.4
2022-03-07,2708.45
2022-03-04,2738.15
2022-03-03,2871.9
2022-03-02,3028.95
2022-02-28,3174.65
2022-02-25,3119.2
2022-02-24,3069.05
2022-02-23,3237.2
2022-02-22,3227.15
2022-02-21,3251.65
2022-02-18,3258.45
2022-02-17,3265.85
2022-02-16,3252.85
2022-02-15,3264.6
2022-02-14,3143.45
2022-02-11,3216.3
2022-02-10,3238.75
2022-02-09,3228.35
2022-02-08,3216.35
2022-02-07,3174.7
2022-02-04,3236.65
2022-02-03,3203.0
2022-02-02,3197.7
2022-02-01,3196.25
2022-01-31,3152.25
2022-01-28,3110.85
2022-01-27,3116.95
2022-01-25,3147.1
2022-01-24,3155.15
2022-01-21,3274.85
2022-01-20,3306.4
2022-01-19,3280.4
2022-01-18,3373.7
2022-01-17,3378.65
2022-01-14,3364.4
2022-01-13,3456.25
2022-01-12,3543.8
2022-01-11,3538.75
2022-01-10,3553.5
2022-01-07,3576.3
2022-01-06,3514.65
2022-01-05,3526.8
2022-01-04,3459.3
2022-01-03,3422.4
2021-12-31,3382.95
2021-12-30,3365.7
2021-12-29,3367.45
2021-12-28,3368.2
2021-12-27,3272.4
2021-12-24,3284.8
2021-12-23,3267.9
2021-12-22,3280.1
2021-12-21,3271.35
2021-12-20,3239.45
2021-12-17,3243.7
2021-12-16,3298.6
2021-12-15,3301.95
2021-12-14,3297.5
2021-12-13,3279.85
2021-12-10,3283.15
2021-12-09,3178.7
2021-12-08,3108.5
2021-12-07,3030.35
2021-12-06,3038.3
2021-12-03,3110.45
2021-12-02,3180.6
2021-12-01,3138.15
2021-11-30,3143.65
2021-11-29,3144.3
2021-11-26,3143.1
2021-11-25,3144.25
2021-11-24,3157.0
2021-11-23,3185.55
2021-11-22,3261.25
2021-11-18,3226.85
2021-11-17,3230.25
2021-11-16,3151.7
2021-11-15,3168.7
2021-11-12,3122.9
2021-11-11,3063.5
2021-11-10,3108.3
2021-11-09,3145.15
2021-11-08,3138.0
2021-11-04,3159.25
2021-11-03,3170.65
2021-11-02,3103.35
2021-11-01,3121.8
2021-10-29,3100.1
2021-10-28,3116.3
2021-10-27,3094.65
2021-10-26,2969.8
2021-10-25,2918.05
2021-10-22,2982.4
2021-10-21,3002.0
2021-10-20,3169.6
2021-10-19,3183.75
2021-10-18,3241.5
2021-10-14,3297.8
2021-10-13,3323.5
2021-10-12,3323.25
2021-10-11,3306.05
2021-10-08,3306.9
2021-10-07,3290.85
2021-10-06,3212.25
2021-10-05,3254.75
2021-10-04,3201.6
2021-10-01,3177.85
2021-09-30,3244.65
2021-09-29,3323.05
2021-09-28,3379.7
2021-09-27,3430.65
2021-09-24,3448.6
2021-09-23,3320.65
2021-09-22,3317.5
2021-09-21,3309.2
2021-09-20,3271.55
2021-09-17,3303.05
2021-09-16,3342.1
2021-09-15,3352.3
2021-09-14,3362.5
2021-09-13,3367.05
2021-09-09,3346.35
2021-09-08,3336.6
2021-09-07,3336.25
2021-09-06,3315.55
2021-09-03,3338.8
2021-09-02,3301.6
2021-09-01,3302.75
2021-08-31,3201.35
2021-08-30,3108.75
2021-08-27,3036.8
2021-08-26,3039.65
2021-08-25,3038.05
2021-08-24,3045.95
2021-08-23,3077.45
2021-08-20,3112.95
2021-08-18,3001.55
2021-08-17,3015.3
2021-08-16,2971.4
2021-08-13,2988.7
2021-08-12,2975.5
2021-08-11,2972.6
2021-08-10,2977.15
2021-08-09,2992.55
2021-08-06,2966.45
2021-08-05,2988.4
2021-08-04,3018.6
2021-08-03,3027.0
2021-08-02,2974.05
2021-07-30,2958.45
2021-07-29,2997.45
2021-07-28,3004.1
2021-07-27,3028.65
2021-07-26,3061.2
2021-07-23,3083.75
2021-07-22,3106.75
2021-07-20,3159.05
2021-07-19,2981.95
2021-07-16,2989.3
2021-07-15,2983.6
2021-07-14,3001.95
2021-07-13,2993.85
2021-07-12,2999.4
2021-07-09,3010.6
2021-07-08,3028.3
2021-07-07,3040.1
2021-07-06,3002.5
2021-07-05,3014.8
2021-07-02,3005.0
2021-07-01,3021.6
2021-06-30,2992.7
2021-06-29,3001.5
2021-06-28,2982.95
2021-06-25,3003.9
2021-06-24,3043.25
2021-06-23,2987.35
2021-06-22,3010.8
2021-06-21,3068.55
2021-06-18,3047.2
2021-06-17,3060.3
2021-06-16,3018.7
2021-06-15,3042.2
2021-06-14,2949.9
2021-06-11,2956.25
2021-06-10,2950.6
2021-06-09,2943.55
2021-06-08,2926.25
2021-06-07,2933.1
2021-06-04,2924.9
2021-06-03,2935.35
2021-06-02,2903.7
2021-06-01,2931.0
2021-05-31,2977.5
2021-05-28,2940.7
2021-05-27,2949.35
2021-05-26,2941.6
2021-05-25,2914.4
2021-05-24,2819.2
2021-05-21,2832.5
2021-05-20,2794.1
2021-05-19,2815.85
2021-05-18,2821.8
2021-05-17,2782.75
2021-05-14,2774.5
2021-05-12,2556.2
2021-05-11,2556.25
2021-05-10,2556.95
2021-05-07,2551.65
2021-05-06,2549.05
2021-05-05,2567.65
2021-05-04,2587.15
2021-05-03,2582.15
2021-04-30,2536.4
2021-04-29,2613.45
2021-04-28,2614.55
2021-04-27,2574.35
2021-04-26,2557.9
2021-04-23,2517.95
2021-04-22,2511.25
2021-04-20,2553.65
2021-04-19,2571.9
2021-04-16,2663.7
2021-04-15,2587.7
2021-04-13,2570.7
2021-04-12,2602.2
2021-04-09,2630.8
2021-04-08,2650.65
2021-04-07,2628.6
2021-04-06,2611.6
2021-04-05,2510.65
2021-04-01,2551.75
2021-03-31,2537.4
2021-03-30,2578.05
2021-03-26,2505.15
2021-03-25,2402.2
2021-03-24,2443.55
2021-03-23,2410.3
2021-03-22,2425.7
2021-03-19,2411.25
2021-03-18,2404.55
2021-03-17,2422.95
2021-03-16,2468.6
2021-03-15,2355.0
2021-03-12,2401.35
2021-03-10,2431.95
2021-03-09,2422.7
2021-03-08,2382.7
2021-03-05,2387.1
2021-03-04,2417.1
2021-03-03,2402.1
2021-03-02,2390.4
2021-03-01,2362.3
2021-02-26,2277.2
2021-02-25,2373.75
2021-02-24,2361.35
2021-02-23,2372.2
2021-02-22,2387.05
2021-02-19,2416.45
2021-02-18,2470.75
2021-02-17,2388.15
2021-02-16,2450.25
2021-02-15,2456.75
2021-02-12,2486.1
2021-02-11,2505.5
2021-02-10,2510.6
2021-02-09,2506.85
2021-02-08,2416.85
2021-02-05,2376.75
2021-02-04,2401.8
2021-02-03,2453.65
2021-02-02,2463.65
2021-02-01,2447.8
2021-01-29,2407.35
2021-01-28,2441.7
2021-01-27,2436.6
2021-01-25,2513.95
2021-01-22,2596.65
2021-01-21,2716.35
2021-01-20,2697.25
2021-01-19,2645.05
2021-01-18,2588.2
2021-01-15,2590.9
2021-01-14,2663.9
2021-01-13,2703.7
2021-01-12,2720.55
2021-01-11,2849.3
2021-01-08,2844.7
2021-01-07,2792.25
2021-01-06,2805.35
2021-01-05,2793.85
2021-01-04,2753.7
2021-01-01,2775.55
2020-12-31,2764.5
2020-12-30,2734.4
2020-12-29,2696.8
2020-12-28,2683.9
2020-12-24,2648.25
2020-12-23,2642.55
2020-12-22,2600.8
2020-12-21,2554.65
2020-12-18,2601.5
2020-12-17,2575.05
2020-12-16,2582.45
2020-12-15,2527.45
2020-12-14,2548.15
2020-12-11,2520.95
2020-12-10,2526.05
2020-12-09,2522.3
2020-12-08,2438.9
2020-12-07,2472.55
2020-12-04,2438.75
2020-12-03,2411.4
2020-12-02,2315.85
2020-12-01,2230.05
2020-11-27,2215.3
2020-11-26,2155.3
2020-11-25,2154.3
2020-11-24,2207.9
2020-11-23,2186.25
2020-11-20,2166.55
2020-11-19,2161.7
2020-11-18,2195.75
2020-11-17,2187.65
2020-11-14,2184.6
2020-11-13,2179.95
2020-11-12,2171.8
2020-11-11,2181.7
2020-11-10,2199.75
2020-11-09,2225.2
2020-11-06,2209.05
2020-11-05,2238.3
2020-11-04,2169.45
2020-11-03,2154.65
2020-11-02,2172.85
2020-10-30,2211.5
2020-10-29,2225.45
2020-10-28,2159.55
2020-10-27,2197.8
2020-10-26,2080.45
2020-10-23,2120.25
2020-10-22,2099.9
2020-10-21,2114.3
2020-10-20,2118.5
2020-10-19,2070.1
2020-10-16,2061.2
2020-10-15,2090.45
2020-10-14,2071.35
2020-10-13,2064.65
2020-10-12,2077.85
2020-10-09,2050.6
2020-10-08,2088.65
2020-10-07,2105.0
2020-10-06,2090.0
2020-10-05,2028.0
2020-10-01,2040.45
2020-09-30,1986.4
2020-09-29,1959.95
2020-09-28,1945.6
2020-09-25,1925.6
2020-09-24,1918.35
2020-09-23,1946.55
2020-09-22,1937.5
2020-09-21,1972.55
2020-09-18,2028.4
2020-09-17,2007.95
2020-09-16,2012.1
2020-09-15,2017.55
2020-09-14,2031.2
2020-09-11,2035.95
2020-09-10,2056.55
2020-09-09,1979.05
2020-09-08,1960.35
2020-09-07,1982.1
2020-09-04,1956.35
2020-09-03,1978.0
2020-09-02,1943.95
2020-09-01,1979.3
2020-08-31,1899.1
2020-08-28,1958.1
2020-08-27,1982.5
2020-08-26,1971.4
2020-08-25,2000.6
2020-08-24,1962.15
2020-08-21,1958.0
2020-08-20,1874.9
2020-08-19,1885.7
2020-08-18,1874.1
2020-08-17,1836.7
2020-08-14,1802.55
2020-08-13,1802.55
2020-08-12,1797.25
2020-08-11,1789.55
2020-08-10,1782.35
2020-08-07,1806.25
2020-08-06,1727.55
2020-08-05,1716.3
2020-08-04,1713.95
2020-08-03,1705.5
2020-07-31,1715.5
2020-07-30,1743.35
2020-07-29,1740.15
2020-07-28,1759.65
2020-07-27,1778.15
2020-07-24,1712.05
2020-07-23,1727.8
2020-07-22,1695.75
2020-07-21,1724.25
2020-07-20,1751.6
2020-07-17,1717.9
2020-07-16,1693.2
2020-07-15,1671.65
2020-07-14,1688.4
2020-07-13,1705.65
2020-07-10,1703.5
2020-07-09,1717.25
2020-07-08,1686.25
2020-07-07,1745.75
2020-07-06,1708.85
2020-07-03,1695.65
2020-07-02,1686.45
2020-07-01,1688.0
2020-06-30,1687.45
2020-06-29,1691.95
2020-06-26,1686.75
2020-06-25,1689.0
2020-06-24,1747.25
2020-06-23,1683.9
2020-06-22,1652.15
2020-06-19,1622.5
2020-06-18,1597.8
2020-06-17,1595.4
2020-06-16,1621.7
2020-06-15,1618.2
2020-06-12,1637.35
2020-06-11,1610.6
2020-06-10,1635.95
2020-06-09,1642.05
2020-06-08,1634.25
2020-06-05,1638.55
2020-06-04,1633.75
2020-06-03,1716.55
2020-06-02,1709.3
2020-06-01,1693.25
2020-05-29,1683.1
2020-05-28,1643.6
2020-05-27,1619.45
2020-05-26,1629.85
2020-05-22,1617.9
2020-05-21,1574.3
2020-05-20,1500.05
2020-05-19,1503.95
2020-05-18,1501.1
2020-05-15,1552.95
2020-05-14,1522.4
2020-05-13,1563.3
2020-05-12,1523.35
2020-05-11,1569.6
2020-05-08,1578.4
2020-05-07,1594.3
2020-05-06,1610.65
2020-05-05,1619.15
2020-05-04,1676.8
2020-04-30,1758.7
2020-04-29,1767.5
2020-04-28,1824.4
2020-04-27,1851.35
2020-04-24,1827.55
2020-04-23,1821.65
2020-04-22,1813.0
2020-04-21,1726.0
2020-04-20,1730.45
2020-04-17,1756.25
2020-04-16,1743.1
2020-04-15,1718.2
2020-04-13,1680.85
2020-04-09,1651.35
2020-04-08,1608.95
2020-04-07,1623.8
2020-04-03,1520.9
2020-04-01,1603.2
2020-03-31,1666.5
2020-03-30,1594.95
2020-03-27,1604.15
2020-03-26,1616.95
2020-03-25,1593.15
2020-03-24,1524.85
2020-03-23,1498.45
2020-03-20,1742.95
2020-03-19,1601.2
2020-03-18,1618.2
2020-03-17,1731.6
2020-03-16,1683.4
2020-03-13,1797.7
2020-03-12,1843.35
2020-03-11,1882.85
2020-03-09,1867.15
2020-03-06,1877.45
2020-03-05,1874.45
2020-03-04,1847.95
2020-03-04,1847.95
2020-03-04,1847.95
2020-03-04,1847.95
2020-03-04,1847.95
2020-03-03,1800.55
2020-03-03,1800.55
2020-03-03,1800.55
2020-03-03,1800.55
2020-03-03,1800.55
2020-03-03,1800.55
2020-03-02,1786.8
2020-02-28,1797.95
2020-02-27,1843.8
2020-02-26,1826.65
2020-02-25,1826.1
2020-02-24,1818.95
2020-02-20,1842.25
2020-02-19,1884.9
2020-02-19,1884.9
2020-02-19,1884.9
2020-02-19,1884.9
2020-02-19,1884.9
2020-02-18,1863.65
2020-02-17,1881.4
2020-02-14,1877.05
2020-02-13,1874.05
2020-02-12,1893.7
2020-02-11,1878.1
2020-02-10,1869.5
2020-02-07,1858.7
2020-02-06,1856.8
2020-02-05,1873.5
2020-02-04,1891.3
2020-02-03,1867.65
2020-02-01,1755.35
2020-01-31,1795.65
2020-01-30,1805.0
2020-01-29,1796.95
2020-01-28,1779.1
2020-01-27,1788.35
2020-01-24,1786.8
2020-01-23,1776.1
2020-01-22,1779.25
2020-01-21,1810.75
2020-01-20,1848.75
2020-01-17,1830.05
2020-01-16,1835.15
2020-01-15,1842.25
2020-01-14,1819.15
2020-01-13,1804.9
2020-01-10,1792.55
2020-01-09,1772.55
2020-01-08,1728.8
2020-01-07,1724.4
2020-01-06,1707.15
2020-01-03,1751.4
2020-01-02,1790.65
2020-01-01,1793.2
2019-12-31,1784.95
2019-12-30,1802.3
2019-12-27,1812.25
2019-12-26,1809.6
2019-12-24,1803.45
2019-12-23,1807.55
2019-12-20,1799.25
2019-12-19,1803.1
2019-12-18,1778.45
2019-12-17,1745.4
2019-12-16,1731.45
2019-12-13,1743.95
2019-12-12,1750.65
2019-12-11,1738.2
2019-12-10,1713.15
2019-12-09,1726.35
2019-12-06,1716.65
2019-12-05,1715.85
2019-12-04,1720.3
2019-12-03,1736.45
2019-12-02,1738.25
2019-11-29,1706.15
2019-11-28,1714.6
2019-11-27,1715.35
2019-11-26,1710.3
2019-11-25,1710.7
2019-11-22,1682.75
2019-11-21,1720.35
2019-11-20,1723.5
2019-11-19,1721.35
2019-11-18,1739.0
2019-11-15,1760.7
2019-11-14,1771.85
2019-11-13,1770.45
2019-11-11,1773.95
2019-11-08,1794.85
2019-11-07,1826.95
2019-11-06,1797.6
2019-11-05,1793.85
2019-11-04,1785.9
2019-11-01,1766.35
2019-10-31,1809.6
2019-10-30,1821.3
2019-10-29,1814.25
2019-10-27,1792.6
2019-10-25,1796.3
2019-10-24,1790.5
2019-10-23,1767.4
2019-10-22,1780.2
2019-10-18,1816.75
2019-10-17,1812.3
2019-10-16,1765.7
2019-10-15,1803.1
2019-10-14,1798.7
2019-10-11,1790.25
2019-10-10,1778.6
2019-10-09,1773.45
2019-10-07,1725.15
2019-10-04,1724.4
2019-10-03,1748.95
2019-10-01,1766.1
2019-09-30,1762.15
2019-09-27,1776.3
2019-09-26,1770.95
2019-09-25,1751.8
2019-09-24,1765.9
2019-09-23,1802.75
2019-09-20,1671.0
2019-09-19,1553.9
2019-09-18,1547.75
2019-09-17,1530.9
2019-09-16,1521.3
2019-09-13,1548.2
2019-09-12,1540.3
2019-09-11,1561.45
2019-09-09,1540.6
2019-09-06,1532.4
2019-09-05,1519.75
2019-09-04,1535.15
2019-09-03,1576.75
2019-08-30,1616.2
2019-08-29,1615.25
2019-08-28,1603.15
2019-08-27,1599.45
2019-08-26,1597.55
2019-08-23,1580.4
2019-08-22,1570.2
2019-08-21,1589.15
2019-08-20,1595.15
2019-08-19,1586.45
2019-08-16,1597.45
2019-08-14,1569.7
2019-08-13,1573.35
2019-08-09,1575.5
2019-08-08,1565.9
2019-08-07,1559.2
2019-08-06,1565.85
2019-08-05,1525.4
2019-08-02,1545.2
2019-08-01,1504.7
2019-07-31,1521.1
2019-07-30,1508.75
2019-07-29,1513.25
2019-07-26,1526.45
2019-07-25,1495.85
2019-07-24,1483.4
2019-07-23,1429.35
2019-07-22,1404.2
2019-07-19,1369.1
2019-07-18,1384.95
2019-07-17,1395.9
2019-07-16,1372.3
2019-07-15,1353.15
2019-07-12,1361.95
2019-07-11,1332.45
2019-07-10,1322.95
2019-07-09,1321.0
2019-07-08,1340.25
2019-07-05,1358.7
2019-07-04,1359.7
2019-07-03,1352.0
2019-07-02,1345.75
2019-07-01,1353.85
2019-06-27,1361.4
2019-06-26,1359.95
2019-06-25,1363.1
2019-06-24,1376.15
2019-06-21,1383.0
2019-06-20,1392.05
2019-06-19,1381.15
2019-06-18,1380.05
2019-06-17,1401.95
2019-06-14,1412.75
2019-06-13,1429.45
2019-06-12,1425.45
2019-06-11,1425.5
2019-06-10,1422.6
2019-06-07,1418.35
2019-06-06,1428.55
2019-06-04,1421.5
2019-06-03,1459.25
2019-05-31,1407.3
2019-05-30,1374.6
2019-05-29,1358.25
2019-05-28,1364.35
2019-05-27,1366.85
2019-05-23,1367.75
2019-05-22,1368.45
2019-05-21,1357.75
2019-05-20,1373.95
2019-05-17,1320.0
2019-05-16,1304.4
2019-05-15,1305.95
2019-05-14,1320.25
2019-05-13,1332.5
2019-05-10,1341.05
2019-05-09,1354.2
2019-05-08,1385.7
2019-05-07,1387.8
2019-05-06,1412.8
2019-05-03,1438.55
2019-05-02,1436.6
2019-04-30,1463.15
2019-04-26,1448.75
2019-04-25,1447.95
2019-04-24,1450.05
2019-04-23,1431.0
2019-04-22,1443.35
2019-04-18,1469.6
2019-04-16,1459.0
2019-04-15,1431.55
2019-04-12,1438.65
2019-04-11,1423.15
2019-04-10,1409.85
2019-04-09,1444.85
2019-04-08,1496.35
2019-04-05,1514.45
2019-04-04,1519.0
2019-04-03,1497.6
2019-04-02,1519.3
2019-04-01,1492.75
2019-03-29,1492.7
2019-03-28,1497.0
2019-03-27,1472.05
2019-03-26,1485.05
2019-03-25,1457.55
2019-03-22,1471.25
2019-03-20,1456.15
2019-03-19,1453.9
2019-03-18,1445.6
2019-03-15,1432.55
2019-03-14,1434.75
2019-03-13,1428.3
2019-03-12,1428.1
2019-03-11,1419.8
2019-03-08,1382.35
2019-03-07,1395.45
2019-03-06,1393.7
2019-03-05,1403.85
2019-03-01,1392.35
2019-02-28,1405.2
2019-02-27,1405.7
2019-02-26,1402.0
2019-02-25,1398.25
2019-02-22,1397.8
2019-02-21,1397.8
2019-02-20,1396.9
2019-02-18,1380.05
2019-02-15,1393.6
2019-02-14,1399.2
2019-02-13,1424.15
2019-02-12,1452.1
2019-02-11,1437.1
2019-02-08,1448.8
2019-02-07,1472.45
2019-02-06,1469.4
2019-02-05,1450.35
2019-02-04,1446.35
2019-02-01,1457.2
2019-01-31,1412.6
2019-01-30,1390.4
2019-01-29,1393.3
2019-01-28,1379.5
2019-01-25,1372.15
